{"OP_M_mean": {"gmbs": 0.00011960453020265819, "gm": 0.0004699112870143533, "gds": 3.5954125396631184e-05, "vdsat": 0.09281245769732453, "vth": 0.7937375868341808, "id": 4.647991209452687e-05, "ibd": -4.882375080227418e-11, "ibs": -1.2325438798329174e-12, "gbd": 7.279034375507122e-11, "gbs": 8.888988056565023e-11, "isub": 5.394290068393088e-09, "igidl": 9.539383783444926e-22, "igisl": 0.0, "igs": 0.0, "igd": 0.0, "igb": 0.0, "igcs": 0.0, "vbs": -0.012514702911200375, "vgs": 0.8111118364667889, "vds": 0.7704889079102555, "cgg": 3.892318741667776e-12, "cgs": -2.8291272934245217e-12, "cgd": -3.7352165720122853e-13, "cbg": -8.18275196051846e-13, "cbd": -1.845266249206619e-13, "cbs": -5.408519530954659e-13, "cdg": -1.3148440707046944e-12, "cdd": 3.9601113743916693e-13, "cds": 1.2844942541936578e-12, "csg": -1.7591994749112337e-12, "csd": 1.6203714468272374e-13, "css": 2.085484992326335e-12, "cgb": -6.896697910420242e-13, "cdb": -3.6566132092812784e-13, "csb": -4.883226620978219e-13, "cbb": 1.5436537740679738e-12, "capbd": 6.594846549419646e-14, "capbs": 6.952136774899044e-14}, "OP_M_std": {"gmbs": 0.00037674780818080204, "gm": 0.0014736630188882768, "gds": 0.0003297785423524771, "vdsat": 0.09192635130991882, "vth": 0.23325609615773424, "id": 0.00023646638166853308, "ibd": 1.0284526153872732e-10, "ibs": 3.4860363920172203e-12, "gbd": 9.245197492495692e-11, "gbs": 1.1554537252462957e-10, "isub": 8.713007628537863e-08, "igidl": 3.018106827136328e-20, "igisl": 0.0, "igs": 0.0, "igd": 0.0, "igb": 0.0, "igcs": 0.0, "vbs": 0.030576863414529087, "vgs": 0.28976199711827816, "vds": 0.469552779103626, "cgg": 6.423873013561525e-12, "cgs": 4.694920124939276e-12, "cgd": 1.243249047487509e-12, "cbg": 1.3408019436702054e-12, "cbd": 6.034022546790099e-13, "cbs": 8.984907244168647e-13, "cdg": 2.260221371506708e-12, "cdd": 1.3037480006428018e-12, "cds": 2.145841938423014e-12, "csg": 2.916037123881726e-12, "csd": 5.435813545222707e-13, "css": 3.4356863104993803e-12, "cgb": 1.1676893819831606e-12, "cdb": 6.360026418262582e-13, "csb": 8.142002325962697e-13, "cbb": 2.550780485082821e-12, "capbd": 1.0091278937396352e-13, "capbs": 1.0191548094043163e-13}}