{"OP_M_mean": {"gmbs": -2.5396976882193134e-05, "gm": 0.00031540944907083906, "gds": 0.0001119341556155823, "vdsat": 204.04578260905623, "vth": 0.7963351657580292, "id": 4.118366929253963e-05, "ibd": -6.345844276780792e-10, "ibs": -5.581321928640603e-13, "gbd": 8.285980483364822e-11, "gbs": 1.0244939644296007e-10, "isub": 4.2517253707661765e-05, "igidl": 2.587205266781584e-05, "igisl": 0.0, "igs": 0.0, "igd": 0.0, "igb": 0.0, "igcs": 0.0, "vbs": -0.008848344871865775, "vgs": 11.631224433206627, "vds": 44.32452922639721, "cgg": 2.904657016519888e-12, "cgs": -1.7898977279965686e-12, "cgd": -4.289192462807224e-13, "cbg": -7.27447137292754e-13, "cbd": -2.152401590282822e-13, "cbs": -3.5353800638819403e-13, "cdg": -9.511638087313824e-13, "cdd": 4.3894072448684385e-13, "cds": 7.786641825460454e-13, "csg": -1.2260460704957477e-12, "csd": 2.0521868082215936e-13, "css": 1.3647715518387176e-12, "cgb": -6.858400422425928e-13, "cdb": -2.6644109830150735e-13, "csb": -3.4394416216512865e-13, "cbb": 1.2962253027092289e-12, "capbd": 8.382632558479972e-14, "capbs": 8.964063623482465e-14}, "OP_M_std": {"gmbs": 0.002592224318378429, "gm": 0.0009922751341017652, "gds": 0.00044944166222404217, "vdsat": 1161.8776165677987, "vth": 0.23813422247681001, "id": 0.00023718884577905312, "ibd": 3.6579630463955818e-09, "ibs": 1.744831341621613e-12, "gbd": 1.6513180106811789e-10, "gbs": 2.1360268851672907e-10, "isub": 0.00044291537423258014, "igidl": 0.00016513722144577257, "igisl": 0.0, "igs": 0.0, "igd": 0.0, "igb": 0.0, "igcs": 0.0, "vbs": 0.026066354027958854, "vgs": 61.47424985087956, "vds": 246.37678903885075, "cgg": 4.8549787512473274e-12, "cgs": 2.820051184463396e-12, "cgd": 1.393915483144073e-12, "cbg": 1.6694049761428827e-12, "cbd": 6.806908640089829e-13, "cbs": 7.945031312506196e-13, "cdg": 1.5556776189073333e-12, "cdd": 1.3971853599133177e-12, "cds": 1.4158802754566212e-12, "csg": 1.9355470944259704e-12, "csd": 6.776142245261938e-13, "css": 2.211419939335801e-12, "cgb": 1.6883230834098166e-12, "cdb": 4.483417527913682e-13, "csb": 5.619811470449344e-13, "cbb": 2.5503053089311438e-12, "capbd": 1.9575788903307022e-13, "capbs": 2.1402730072226191e-13}}